{"cameraMode":{"drawMode":0,"name":"Shaded","section":"Shading Mode"},"sceneLighting":true,"audioPlay":false,"sceneViewState":{"showFog":true,"showMaterialUpdate":false,"showSkybox":true,"showFlares":true,"showImageEffects":true,"showParticleSystems":true},"in2DMode":false,"pivot":{"x":76.228271484375,"y":157.9275360107422,"z":44.99617004394531},"rotation":{"x":0.22604848444461823,"y":0.6239034533500671,"z":-0.19523096084594727,"w":0.722194492816925},"size":208.06341552734376,"orthographic":false}