{"cameraMode":{"drawMode":0,"name":"Shaded","section":"Shading Mode"},"sceneLighting":true,"audioPlay":false,"sceneViewState":{"showFog":true,"showMaterialUpdate":false,"showSkybox":true,"showFlares":true,"showImageEffects":true,"showParticleSystems":true},"in2DMode":false,"pivot":{"x":94.67542266845703,"y":-29.91943359375,"z":27.832744598388673},"rotation":{"x":-0.15156763792037965,"y":-0.6623287200927734,"z":0.13926267623901368,"w":-0.7204104065895081},"size":50.12980270385742,"orthographic":false}