{"cameraMode":{"drawMode":0,"name":"Shaded","section":"Shading Mode"},"sceneLighting":true,"audioPlay":false,"sceneViewState":{"showFog":true,"showMaterialUpdate":false,"showSkybox":true,"showFlares":true,"showImageEffects":true,"showParticleSystems":true},"in2DMode":false,"pivot":{"x":18.936677932739259,"y":1.0305472612380982,"z":29.06416130065918},"rotation":{"x":0.004457305185496807,"y":0.3901735246181488,"z":-0.0018091743113473058,"w":0.9207575917243958},"size":2.3000025749206545,"orthographic":false}