{"cameraMode":{"drawMode":0,"name":"Shaded","section":"Shading Mode"},"sceneLighting":false,"audioPlay":false,"sceneViewState":{"showFog":true,"showMaterialUpdate":false,"showSkybox":false,"showFlares":true,"showImageEffects":true,"showParticleSystems":true},"in2DMode":false,"pivot":{"x":0.000002384185791015625,"y":1.4134800434112549,"z":-0.07679979503154755},"rotation":{"x":-4.551913290740117e-10,"y":0.9999989867210388,"z":0.0015000016428530217,"w":4.692549904206089e-9},"size":1.6323751211166382,"orthographic":false}