{"cameraMode":{"drawMode":0,"name":"Shaded","section":"Shading Mode"},"sceneLighting":true,"audioPlay":false,"sceneViewState":{"showFog":true,"showMaterialUpdate":false,"showSkybox":true,"showFlares":true,"showImageEffects":true,"showParticleSystems":true},"in2DMode":false,"pivot":{"x":27.42216682434082,"y":0.7197022438049316,"z":21.95474624633789},"rotation":{"x":-0.0391966886818409,"y":-0.6530910134315491,"z":0.03398504480719566,"w":-0.7555777430534363},"size":12.344329833984375,"orthographic":false}