{"cameraMode":{"drawMode":0,"name":"Shaded","section":"Shading Mode"},"sceneLighting":true,"audioPlay":false,"sceneViewState":{"showFog":true,"showMaterialUpdate":false,"showSkybox":true,"showFlares":true,"showImageEffects":true,"showParticleSystems":true},"in2DMode":false,"pivot":{"x":42.49945068359375,"y":-14.622323989868164,"z":36.378936767578128},"rotation":{"x":-0.36568138003349306,"y":0.013409909792244435,"z":-0.0052667842246592049,"w":-0.9306468367576599},"size":12.558497428894043,"orthographic":false}