{"cameraMode":{"drawMode":0,"name":"Shaded","section":"Shading Mode"},"sceneLighting":true,"audioPlay":false,"sceneViewState":{"showFog":true,"showMaterialUpdate":false,"showSkybox":true,"showFlares":true,"showImageEffects":true,"showParticleSystems":true},"in2DMode":false,"pivot":{"x":19.490001678466798,"y":1.3834800720214844,"z":19.67374610900879},"rotation":{"x":-0.1049363762140274,"y":-0.7741885185241699,"z":0.13321085274219514,"w":-0.6098374128341675},"size":2.1331787109375,"orthographic":true}