{"cameraMode":{"drawMode":0,"name":"Shaded","section":"Shading Mode"},"sceneLighting":false,"audioPlay":false,"sceneViewState":{"showFog":true,"showMaterialUpdate":false,"showSkybox":false,"showFlares":true,"showImageEffects":true,"showParticleSystems":true},"in2DMode":false,"pivot":{"x":0.000002384185791015625,"y":1.4134800434112549,"z":-0.07679979503154755},"rotation":{"x":0.00949928630143404,"y":-0.9087836146354675,"z":0.4166765809059143,"w":0.020720748230814935},"size":5.850492477416992,"orthographic":true}