{"cameraMode":{"drawMode":0,"name":"Shaded","section":"Shading Mode"},"sceneLighting":true,"audioPlay":false,"sceneViewState":{"showFog":true,"showMaterialUpdate":false,"showSkybox":true,"showFlares":true,"showImageEffects":true,"showParticleSystems":true},"in2DMode":false,"pivot":{"x":34.62638473510742,"y":-7.945213317871094,"z":21.03300666809082},"rotation":{"x":0.24105173349380494,"y":0.6580919623374939,"z":-0.23561596870422364,"w":0.6732739210128784},"size":19.817882537841798,"orthographic":false}